{
    "MDScreenResult": {
        "key": 0,
        "energy": -350.53976312296606
    },
    "MDAbadParameters": {
        "key": 0,
        "depth": 0.6048625069348208,
        "expansion_factor": 1.2467644858584739,
        "defect_index": 0,
        "lattice_constant": 12.73626586,
        "convergence_criterium": 2,
        "number_of_steps": 60000,
        "time": 1628.9959547519684
    },
    "MDQuantities": {
        "key": 0,
        "temperature": 334.9572978495015,
        "energy_pot": -350.53976312296606,
        "energy_kinetic": 2.1215316980566463,
        "msd": 0.0,
        "internal_pressure": 0.006871320619862141
    }
}