{
    "MDScreenResult": {
        "key": 0,
        "energy": -349.69603478703095
    },
    "MDAbadParameters": {
        "key": 0,
        "depth": 0.02146795276858348,
        "expansion_factor": 1.0939089039671626,
        "defect_index": 0,
        "lattice_constant": 12.73626586,
        "convergence_criterium": 2,
        "number_of_steps": 5000,
        "time": 151.1441080570221
    },
    "MDQuantities": {
        "key": 0,
        "temperature": 344.3874364547066,
        "energy_pot": -349.69603478703095,
        "energy_kinetic": 2.181259723379442,
        "msd": 0.0,
        "internal_pressure": 0.008200213773595371
    }
}