{
    "MDScreenResult": {
        "key": 0,
        "energy": -350.35744705163535
    },
    "MDAbadParameters": {
        "key": 0,
        "depth": 0.28479303936343464,
        "expansion_factor": 1.396459168437503,
        "defect_index": 0,
        "lattice_constant": 12.73626586,
        "convergence_criterium": 2,
        "number_of_steps": 5000,
        "time": 156.97792792320251
    },
    "MDQuantities": {
        "key": 0,
        "temperature": 309.95336412439053,
        "energy_pot": -350.35744705163535,
        "energy_kinetic": 1.9631633379268583,
        "msd": 0.0,
        "internal_pressure": 0.005403405240425925
    }
}