{
    "MDScreenResult": {
        "key": 0,
        "energy": -351.1523277172088
    },
    "MDAbadParameters": {
        "key": 0,
        "depth": -0.2954556926782349,
        "expansion_factor": 1.442695760789048,
        "defect_index": 0,
        "lattice_constant": 12.73626586,
        "convergence_criterium": 2,
        "number_of_steps": 25000,
        "time": 695.8997793197632
    },
    "MDQuantities": {
        "key": 0,
        "temperature": 309.1983146699319,
        "energy_pot": -351.1523277172088,
        "energy_kinetic": 1.958381052657904,
        "msd": 0.0,
        "internal_pressure": 0.004309167390157531
    }
}