{
    "MDScreenResult": {
        "key": 0,
        "energy": -350.3901816088809
    },
    "MDAbadParameters": {
        "key": 0,
        "depth": 0.659721121166626,
        "expansion_factor": 1.1455068783034925,
        "defect_index": 0,
        "lattice_constant": 12.73626586,
        "convergence_criterium": 2,
        "number_of_steps": 5000,
        "time": 158.27200150489807
    },
    "MDQuantities": {
        "key": 0,
        "temperature": 279.3219220168992,
        "energy_pot": -350.3901816088809,
        "energy_kinetic": 1.7691518152478436,
        "msd": 0.0,
        "internal_pressure": 0.006500906767998715
    }
}