{
    "MDScreenResult": {
        "key": 0,
        "energy": -350.29058881891615
    },
    "MDAbadParameters": {
        "key": 0,
        "depth": 1.0780423698780432,
        "expansion_factor": 1.1399674121464658,
        "defect_index": 0,
        "lattice_constant": 12.73626586,
        "convergence_criterium": 2,
        "number_of_steps": 60000,
        "time": 1660.4362087249756
    },
    "MDQuantities": {
        "key": 0,
        "temperature": 319.1888153501361,
        "energy_pot": -350.29058881891615,
        "energy_kinetic": 2.021658264435606,
        "msd": 0.0,
        "internal_pressure": 0.0070506255329415
    }
}