{
    "MDScreenResult": {
        "key": 0,
        "energy": -349.97975793094093
    },
    "MDAbadParameters": {
        "key": 0,
        "depth": 0.05586842696951591,
        "expansion_factor": 1.076089768560603,
        "defect_index": 0,
        "lattice_constant": 12.73626586,
        "convergence_criterium": 2,
        "number_of_steps": 5000,
        "time": 153.55272126197815
    },
    "MDQuantities": {
        "key": 0,
        "temperature": 279.57717245236387,
        "energy_pot": -349.97975793094093,
        "energy_kinetic": 1.7707685045788653,
        "msd": 0.0,
        "internal_pressure": 0.01173351532748307
    }
}