{
    "MDScreenResult": {
        "key": 0,
        "energy": -350.90233771477426
    },
    "MDAbadParameters": {
        "key": 0,
        "depth": -0.28373386420018554,
        "expansion_factor": 1.438426849442174,
        "defect_index": 0,
        "lattice_constant": 12.73626586,
        "convergence_criterium": 2,
        "number_of_steps": 25000,
        "time": 704.2564187049866
    },
    "MDQuantities": {
        "key": 0,
        "temperature": 301.7569535804118,
        "energy_pot": -350.90233771477426,
        "energy_kinetic": 1.9112494226577255,
        "msd": 0.0,
        "internal_pressure": 0.004217349670344187
    }
}