{
    "MDScreenResult": {
        "key": 0,
        "energy": -350.2380791365639
    },
    "MDAbadParameters": {
        "key": 0,
        "depth": -0.08095296049023408,
        "expansion_factor": 1.075989409520647,
        "defect_index": 0,
        "lattice_constant": 12.73626586,
        "convergence_criterium": 2,
        "number_of_steps": 20000,
        "time": 573.979208946228
    },
    "MDQuantities": {
        "key": 0,
        "temperature": 282.6913959001645,
        "energy_pot": -350.2380791365639,
        "energy_kinetic": 1.7904931793411651,
        "msd": 0.0,
        "internal_pressure": 0.010041623497713826
    }
}