{
    "MDScreenResult": {
        "key": 0,
        "energy": -350.61158380865345
    },
    "MDAbadParameters": {
        "key": 0,
        "depth": -0.6562085855255507,
        "expansion_factor": 1.2431547341879154,
        "defect_index": 0,
        "lattice_constant": 12.73626586,
        "convergence_criterium": 2,
        "number_of_steps": 10000,
        "time": 288.80768156051636
    },
    "MDQuantities": {
        "key": 0,
        "temperature": 289.7964450236564,
        "energy_pot": -350.61158380865345,
        "energy_kinetic": 1.8354946975302402,
        "msd": 0.0,
        "internal_pressure": 0.003973508155734312
    }
}