{
    "MDScreenResult": {
        "key": 0,
        "energy": -351.1257447659286
    },
    "MDAbadParameters": {
        "key": 0,
        "depth": -0.30413360250341387,
        "expansion_factor": 1.4177508381725454,
        "defect_index": 0,
        "lattice_constant": 12.73626586,
        "convergence_criterium": 2,
        "number_of_steps": 60000,
        "time": 1660.8795757293701
    },
    "MDQuantities": {
        "key": 0,
        "temperature": 349.7663160850759,
        "energy_pot": -351.1257447659286,
        "energy_kinetic": 2.2153281366044224,
        "msd": 0.0,
        "internal_pressure": 0.006125748389450343
    }
}