{
    "MDScreenResult": {
        "key": 0,
        "energy": -349.7059618876915
    },
    "MDAbadParameters": {
        "key": 0,
        "depth": -0.03608984288877701,
        "expansion_factor": 1.0921686426185282,
        "defect_index": 0,
        "lattice_constant": 12.73626586,
        "convergence_criterium": 2,
        "number_of_steps": 5000,
        "time": 152.69536566734314
    },
    "MDQuantities": {
        "key": 0,
        "temperature": 267.3427985688936,
        "energy_pot": -349.7059618876915,
        "energy_kinetic": 1.6932791882800438,
        "msd": 0.0,
        "internal_pressure": 0.00772794350035163
    }
}