{
    "MDScreenResult": {
        "key": 0,
        "energy": -350.1772493954739
    },
    "MDAbadParameters": {
        "key": 0,
        "depth": -0.5635397666554023,
        "expansion_factor": 1.248248319186974,
        "defect_index": 0,
        "lattice_constant": 12.73626586,
        "convergence_criterium": 2,
        "number_of_steps": 5000,
        "time": 163.047429561615
    },
    "MDQuantities": {
        "key": 0,
        "temperature": 312.64209063238724,
        "energy_pot": -350.1772493954739,
        "energy_kinetic": 1.9801930266386507,
        "msd": 0.0,
        "internal_pressure": 0.0034949244945517446
    }
}