{
    "MDScreenResult": {
        "key": 0,
        "energy": -351.19764626118535
    },
    "MDAbadParameters": {
        "key": 0,
        "depth": 0.29678391016417677,
        "expansion_factor": 1.4644968886122636,
        "defect_index": 0,
        "lattice_constant": 12.73626586,
        "convergence_criterium": 2,
        "number_of_steps": 25000,
        "time": 717.9499478340149
    },
    "MDQuantities": {
        "key": 0,
        "temperature": 317.82681690748353,
        "energy_pot": -351.19764626118535,
        "energy_kinetic": 2.013031723418758,
        "msd": 0.0,
        "internal_pressure": 0.004483125127621051
    }
}