{
    "MDScreenResult": {
        "key": 0,
        "energy": -350.9105051490868
    },
    "MDAbadParameters": {
        "key": 0,
        "depth": -0.2970324861402225,
        "expansion_factor": 1.5165872641215208,
        "defect_index": 0,
        "lattice_constant": 12.73626586,
        "convergence_criterium": 2,
        "number_of_steps": 25000,
        "time": 759.1996414661407
    },
    "MDQuantities": {
        "key": 0,
        "temperature": 279.7756302133291,
        "energy_pot": -350.9105051490868,
        "energy_kinetic": 1.7720254840007685,
        "msd": 0.0,
        "internal_pressure": 0.00440843632793052
    }
}