{
    "MDScreenResult": {
        "key": 0,
        "energy": -351.056873963307
    },
    "MDAbadParameters": {
        "key": 0,
        "depth": 0.27655868345568646,
        "expansion_factor": 1.4301838004294345,
        "defect_index": 0,
        "lattice_constant": 12.73626586,
        "convergence_criterium": 2,
        "number_of_steps": 60000,
        "time": 1612.82395195961
    },
    "MDQuantities": {
        "key": 0,
        "temperature": 257.6327523206862,
        "energy_pot": -351.056873963307,
        "energy_kinetic": 1.631778301338856,
        "msd": 0.0,
        "internal_pressure": 0.005677372675741602
    }
}