{
    "MDScreenResult": {
        "key": 0,
        "energy": -351.02879479436035
    },
    "MDAbadParameters": {
        "key": 0,
        "depth": 0.2508101831039049,
        "expansion_factor": 1.4831487765090605,
        "defect_index": 0,
        "lattice_constant": 12.73626586,
        "convergence_criterium": 2,
        "number_of_steps": 10000,
        "time": 323.79101943969727
    },
    "MDQuantities": {
        "key": 0,
        "temperature": 314.7050357346143,
        "energy_pot": -351.02879479436035,
        "energy_kinetic": 1.9932591800075252,
        "msd": 0.0,
        "internal_pressure": 0.0046193220192588804
    }
}