{
    "MDScreenResult": {
        "key": 0,
        "energy": -350.42439236216956
    },
    "MDAbadParameters": {
        "key": 0,
        "depth": -0.6851854454442465,
        "expansion_factor": 1.1850685470512323,
        "defect_index": 0,
        "lattice_constant": 12.73626586,
        "convergence_criterium": 2,
        "number_of_steps": 5000,
        "time": 153.59034323692322
    },
    "MDQuantities": {
        "key": 0,
        "temperature": 366.4674358261658,
        "energy_pot": -350.42439236216956,
        "energy_kinetic": 2.32110864997506,
        "msd": 0.0,
        "internal_pressure": 0.00420639662534069
    }
}