{
    "MDScreenResult": {
        "key": 0,
        "energy": -350.8860495551119
    },
    "MDAbadParameters": {
        "key": 0,
        "depth": 0.2844544931926926,
        "expansion_factor": 1.4407933860100877,
        "defect_index": 0,
        "lattice_constant": 12.73626586,
        "convergence_criterium": 2,
        "number_of_steps": 25000,
        "time": 730.7796905040741
    },
    "MDQuantities": {
        "key": 0,
        "temperature": 381.06890003708725,
        "energy_pot": -350.8860495551119,
        "energy_kinetic": 2.4135904957517953,
        "msd": 0.0,
        "internal_pressure": 0.0034094782206943674
    }
}