{
    "MDScreenResult": {
        "key": 0,
        "energy": -350.85696893237355
    },
    "MDAbadParameters": {
        "key": 0,
        "depth": -0.29422057936606655,
        "expansion_factor": 1.4918391829818252,
        "defect_index": 0,
        "lattice_constant": 12.73626586,
        "convergence_criterium": 2,
        "number_of_steps": 10000,
        "time": 284.3026747703552
    },
    "MDQuantities": {
        "key": 0,
        "temperature": 284.27260217470257,
        "energy_pot": -350.85696893237355,
        "energy_kinetic": 1.8005081252884119,
        "msd": 0.0,
        "internal_pressure": 0.0056905557792318534
    }
}