{"NbSe2": -176.30651445325884, "S2Ti": -179.85109376717358, "S2W": -379.0182811650348, "Re4Se8": -327.75715596840536, "MoTe2": -161.53288602244487, "Pd2Se4": -103.26996185307257, "Se2Zr": -175.53340542471452, "C3Nb4": -1113.7312461137767, "Re4S8": -356.55316005712723, "S6Ti2": -433.4444328233322, "Hf2Te6": -392.2688062190364, "PtS2": -137.26159443524972, "CMo2O2": -584.5430090198067, "CO2V2": -600.9039020230201, "Ge2": -74.13450300559475, "S2Sn": -112.55655549044178, "Te4W2": -351.31908915344894, "MoSe2": -317.6813170972372, "CNb2O2": -752.2322343976261, "Se4W2": -683.0597360764896, "NiSe2": -120.02108287150521, "CO2Ti2": -715.9690545457141, "Te2W": -175.2263173560113, "Bi2I6": -83.1899564940145, "S2Zr": -192.01805227648998, "Se2Ta": -190.36244907083392, "MoSSe": -331.85138075555705, "I2Pb": -78.83035338979936, "S2Ta": -208.68534692184733, "O2Ti": -424.06353169729346, "C2H2": -410.98547774984957, "BiITe": -86.67956252747618, "As2": -82.6114751270609, "P4": -343.2405172738098, "Sn2": -63.20539281356757, "HfS2": -206.52239470065052, "HfSe2": -188.60613947631833, "Cr2I6": -126.80405822498291, "Se2Sn": -107.85905331431235, "NbS2": -192.3808391410426, "Si2": -84.20958769101948, "Se2W": -346.16306064656317, "H2Ge2": -138.49613029268625, "PtSe2": -126.53247093039258, "MoS2": -346.75080311993446}