{
    "MDScreenResult": {
        "key": 0,
        "energy": -350.1213672604812
    },
    "MDAbadParameters": {
        "key": 0,
        "depth": -0.06154195207767421,
        "expansion_factor": 1.102088385084585,
        "defect_index": 0,
        "lattice_constant": 12.73626586,
        "convergence_criterium": 2,
        "number_of_steps": 5000,
        "time": 160.66600847244263
    },
    "MDQuantities": {
        "key": 0,
        "temperature": 265.06353347215213,
        "energy_pot": -350.1213672604812,
        "energy_kinetic": 1.6788429207854814,
        "msd": 0.0,
        "internal_pressure": 0.008629347007310271
    }
}