{
    "W": -12.94852142079865,
    "Pb": -3.7049138487562576,
    "Yb": -1.361714818694796,
    "Hg": -0.29870791734501906,
    "Pt": -6.043144850358735,
    "Bi": -3.8570652976457773,
    "Ta": -11.8104534498138,
    "Ir": -8.8597831834028,
    "Re": -12.395353021160943,
    "Os": -11.21984059811918,
    "Hf": -9.949238844412413,
    "Tl": -2.3502120278301675,
    "Lu": -4.500091002598292,
    "Au": -3.2757274061587798,
    "Te": -3.08430728574929,
    "Ti": -7.874196151404706,
    "Cu": -4.08717063689597,
    "Ca": -1.9985594443516337,
    "He": -0.010579225971767072,
    "B": -6.659824779322604,
    "N": -8.329681769775656,
    "Nd": -4.755073067276375,
    "V": -9.115584731195014,
    "Mn": -9.06010421229703,
    "Zr": -8.539511082812542,
    "Rh": -7.32880329661816,
    "Ag": -2.819702406485802,
    "Gd": -14.06949779276825,
    "Sr": -1.6769979096684553,
    "As": -4.651269245262689,
    "Ba": -1.9201231780693564,
    "Co": -7.09959619468645,
    "Zn": -1.2571600317972738,
    "F": -1.8240302050612418,
    "Ho": -4.5674641248799315,
    "Be": -3.723905273392908,
    "Pd": -5.176107216144766,
    "Tc": -10.355703983181817,
    "Sn": -3.9942853303353014,
    "Cs": -0.8573109575489242,
    "Sb": -4.110575557925516,
    "Ce": -5.92575723471648,
    "Tm": -4.468570193014348,
    "Er": -4.5552359521951615,
    "Rb": -0.9506639359464527,
    "Pr": -4.766721514499013,
    "P": -5.396751995432383,
    "Nb": -10.070853483368479,
    "H": -3.3156649876212785,
    "Y": -6.450787867969664,
    "Cl": -1.7937689101226688,
    "Si": -5.413805584958901,
    "Fe": -8.46806780425062,
    "Se": -3.4698528294215465,
    "Dy": -4.585109088027257,
    "Ar": -0.05710086110771083,
    "Pm": -4.737055137287756,
    "Ge": -4.607259251220788,
    "Eu": -10.252755162957357,
    "La": -4.909519870218646,
    "Mo": -10.838360884452882,
    "C": -9.20876675263757,
    "Ni": -5.774556976340318,
    "Ne": -0.014778633630637665,
    "O": -4.943459558861968,
    "Tb": -4.6071193046963135,
    "Sc": -6.326518714353819,
    "Ga": -2.9987607751069,
    "Cr": -9.561981265130488,
    "Ru": -9.272653195637702,
    "Na": -1.3079317543739737,
    "K": -1.0950842345931124,
    "Mg": -1.6009778496010503,
    "S": -4.119471749375707,
    "Li": -1.9048537353199535,
    "Kr": -0.030242450043802983,
    "I": -1.4868394153982554,
    "In": -2.720956597539223,
    "Xe": -0.036713723278360574,
    "Sm": -4.707385986839808,
    "Al": -3.7400029774657195,
    "Br": -1.5835949052641696,
    "Cd": -0.8994389099988206
}