{
    "S2Ta": -208.69057881265542,
    "BiITe": -86.68534964775154,
    "Re4S8": -356.64003861382724,
    "Re4Se8": -327.8799449034278,
    "I2Pb": -78.83445689475681,
    "MoTe2": -161.55069297074695,
    "NbSe2": -176.31794147027966,
    "Se2W": -346.173898698094,
    "Se2Sn": -107.85958052003437,
    "C2H2": -411.0160205082291,
    "S2Ti": -179.85206136726447,
    "CO2V2": -603.6868707770346,
    "S2W": -379.0193935841212,
    "Se4W2": -683.1124039040815,
    "Cr2I6": -126.80473582087352,
    "PtS2": -137.26362025304755,
    "CO2Ti2": -716.0315949247191,
    "Te2W": -175.23401880122032,
    "O2Ti": -424.08659197440466,
    "S2Zr": -192.02964041571113,
    "MoSe2": -317.70476299113534,
    "MoSSe": -331.863090502516,
    "As2": -82.63730909012958,
    "MoS2": -346.7558546379396,
    "Pd2Se4": -103.27792651425449,
    "NbS2": -192.42291168215993,
    "PtSe2": -126.53258771166067,
    "CMo2O2": -588.1387132176867,
    "Sn2": -63.288258885796,
    "Se2Zr": -175.55049909696535,
    "P4": -343.24448759453793,
    "S6Ti2": -433.4656424081085,
    "Hf2Te6": -392.31422854018206,
    "Bi2I6": -83.19016197714053,
    "HfSe2": -188.6074248056354,
    "Ge2": -74.13675411886643,
    "Te4W2": -351.3516560554877,
    "NiSe2": -120.02697375907073,
    "S2Sn": -112.55974292830754,
    "CNb2O2": -752.5372822786794,
    "H2Ge2": -138.5148497569341,
    "C3Nb4": -1113.8244263193376,
    "Si2": -84.29690738623336,
    "HfS2": -206.52944520254763,
    "Se2Ta": -190.36249555585567
}