{
    "MDScreenResult": {
        "key": 0,
        "energy": -350.43063552798264
    },
    "MDAbadParameters": {
        "key": 0,
        "depth": 0.013061826765602415,
        "expansion_factor": 1.104427686212969,
        "defect_index": 0,
        "lattice_constant": 12.73626586,
        "convergence_criterium": 2,
        "number_of_steps": 10000,
        "time": 374.935489654541
    },
    "MDQuantities": {
        "key": 0,
        "temperature": 280.9883521426672,
        "energy_pot": -350.43063552798264,
        "energy_kinetic": 1.7797065467229043,
        "msd": 0.0,
        "internal_pressure": 0.011290769624580548
    }
}