{
    "MDScreenResult": {
        "key": 0,
        "energy": -350.26039142166024
    },
    "MDAbadParameters": {
        "key": 0,
        "depth": -0.026432624383950602,
        "expansion_factor": 1.1145562018137645,
        "defect_index": 0,
        "lattice_constant": 12.73626586,
        "convergence_criterium": 2,
        "number_of_steps": 5000,
        "time": 151.83341002464294
    },
    "MDQuantities": {
        "key": 0,
        "temperature": 320.0999135292286,
        "energy_pot": -350.26039142166024,
        "energy_kinetic": 2.0274289214100807,
        "msd": 0.0,
        "internal_pressure": 0.011486376818710878
    }
}