{
    "MDScreenResult": {
        "key": 0,
        "energy": -350.45037883200956
    },
    "MDAbadParameters": {
        "key": 0,
        "depth": -0.30647626318347904,
        "expansion_factor": 1.5325289243973224,
        "defect_index": 0,
        "lattice_constant": 12.73626586,
        "convergence_criterium": 2,
        "number_of_steps": 5000,
        "time": 177.556538105011
    },
    "MDQuantities": {
        "key": 0,
        "temperature": 309.1978994051002,
        "energy_pot": -350.45037883200956,
        "energy_kinetic": 1.9583784224793432,
        "msd": 0.0,
        "internal_pressure": 0.0037163313588407508
    }
}