{
    "MDScreenResult": {
        "key": 0,
        "energy": -351.0906269489157
    },
    "MDAbadParameters": {
        "key": 0,
        "depth": -0.28298241835569693,
        "expansion_factor": 1.4700286330361172,
        "defect_index": 0,
        "lattice_constant": 12.73626586,
        "convergence_criterium": 2,
        "number_of_steps": 25000,
        "time": 684.4673085212708
    },
    "MDQuantities": {
        "key": 0,
        "temperature": 343.2554953695142,
        "energy_pot": -351.0906269489157,
        "energy_kinetic": 2.1740903053432143,
        "msd": 0.0,
        "internal_pressure": 0.004277321541891384
    }
}