{
    "MDScreenResult": {
        "key": 0,
        "energy": -350.9847149765958
    },
    "MDAbadParameters": {
        "key": 0,
        "depth": -0.2882810819626583,
        "expansion_factor": 1.4238843232295813,
        "defect_index": 0,
        "lattice_constant": 12.73626586,
        "convergence_criterium": 2,
        "number_of_steps": 5000,
        "time": 189.08815360069275
    },
    "MDQuantities": {
        "key": 0,
        "temperature": 340.6980862077588,
        "energy_pot": -350.9847149765958,
        "energy_kinetic": 2.1578923462708244,
        "msd": 0.0,
        "internal_pressure": 0.004117869861158022
    }
}