{
    "MDScreenResult": {
        "key": 0,
        "energy": -351.1017446542025
    },
    "MDAbadParameters": {
        "key": 0,
        "depth": 0.3102640534791226,
        "expansion_factor": 1.4083524068511928,
        "defect_index": 0,
        "lattice_constant": 12.73626586,
        "convergence_criterium": 2,
        "number_of_steps": 10000,
        "time": 330.04498171806335
    },
    "MDQuantities": {
        "key": 0,
        "temperature": 235.75662657800868,
        "energy_pot": -351.1017446542025,
        "energy_kinetic": 1.493220656851838,
        "msd": 0.0,
        "internal_pressure": 0.0031338030922930626
    }
}