{
    "MDScreenResult": {
        "key": 0,
        "energy": -350.61571603767925
    },
    "MDAbadParameters": {
        "key": 0,
        "depth": 0.2891605184106416,
        "expansion_factor": 1.4992341029410419,
        "defect_index": 0,
        "lattice_constant": 12.73626586,
        "convergence_criterium": 2,
        "number_of_steps": 5000,
        "time": 171.9834554195404
    },
    "MDQuantities": {
        "key": 0,
        "temperature": 308.8762571712676,
        "energy_pot": -350.61571603767925,
        "energy_kinetic": 1.9563412249055312,
        "msd": 0.0,
        "internal_pressure": 0.004070407569817405
    }
}