{
    "MDScreenResult": {
        "key": 0,
        "energy": -350.970926563145
    },
    "MDAbadParameters": {
        "key": 0,
        "depth": 0.29948129444819216,
        "expansion_factor": 1.3894178471690743,
        "defect_index": 0,
        "lattice_constant": 12.73626586,
        "convergence_criterium": 2,
        "number_of_steps": 5000,
        "time": 155.85421204566956
    },
    "MDQuantities": {
        "key": 0,
        "temperature": 329.5166004074984,
        "energy_pot": -350.970926563145,
        "energy_kinetic": 2.08707174702154,
        "msd": 0.0,
        "internal_pressure": 0.00346864971693996
    }
}