{
    "MDScreenResult": {
        "key": 0,
        "energy": -351.4082344771173
    },
    "MDAbadParameters": {
        "key": 0,
        "depth": 0.2868884362221785,
        "expansion_factor": 1.4829116022961075,
        "defect_index": 0,
        "lattice_constant": 12.73626586,
        "convergence_criterium": 2,
        "number_of_steps": 5000,
        "time": 159.24350714683533
    },
    "MDQuantities": {
        "key": 0,
        "temperature": 295.45712387937425,
        "energy_pot": -351.4082344771173,
        "energy_kinetic": 1.8713479531602168,
        "msd": 0.0,
        "internal_pressure": 0.005073422779789048
    }
}