{
    "MDScreenResult": {
        "key": 0,
        "energy": -350.6969281454251
    },
    "MDAbadParameters": {
        "key": 0,
        "depth": -0.3061864001942513,
        "expansion_factor": 1.4546939395726237,
        "defect_index": 0,
        "lattice_constant": 12.73626586,
        "convergence_criterium": 2,
        "number_of_steps": 25000,
        "time": 717.4009969234467
    },
    "MDQuantities": {
        "key": 0,
        "temperature": 320.6178709774277,
        "energy_pot": -350.6969281454251,
        "energy_kinetic": 2.0307095280774194,
        "msd": 0.0,
        "internal_pressure": 0.0052879261039884065
    }
}