{
    "MDScreenResult": {
        "key": 0,
        "energy": -350.76530157355035
    },
    "MDAbadParameters": {
        "key": 0,
        "depth": -0.31857497305300564,
        "expansion_factor": 1.4971948690175425,
        "defect_index": 0,
        "lattice_constant": 12.73626586,
        "convergence_criterium": 2,
        "number_of_steps": 60000,
        "time": 1614.933063030243
    },
    "MDQuantities": {
        "key": 0,
        "temperature": 255.2087983219614,
        "energy_pot": -350.76530157355035,
        "energy_kinetic": 1.6164256122768716,
        "msd": 0.0,
        "internal_pressure": 0.004749440281595645
    }
}