{
    "MDScreenResult": {
        "key": 0,
        "energy": -350.1903300803187
    },
    "MDAbadParameters": {
        "key": 0,
        "depth": 0.15078387460316595,
        "expansion_factor": 1.199243301996689,
        "defect_index": 0,
        "lattice_constant": 12.73626586,
        "convergence_criterium": 2,
        "number_of_steps": 10000,
        "time": 334.0440447330475
    },
    "MDQuantities": {
        "key": 0,
        "temperature": 273.7260943136364,
        "energy_pot": -350.1903300803187,
        "energy_kinetic": 1.733709309813406,
        "msd": 0.0,
        "internal_pressure": 0.008416294366242928
    }
}