{
    "MDScreenResult": {
        "key": 0,
        "energy": -351.0252623337878
    },
    "MDAbadParameters": {
        "key": 0,
        "depth": -0.29099594618269775,
        "expansion_factor": 1.5053242060378544,
        "defect_index": 0,
        "lattice_constant": 12.73626586,
        "convergence_criterium": 2,
        "number_of_steps": 5000,
        "time": 201.77100086212158
    },
    "MDQuantities": {
        "key": 0,
        "temperature": 308.5931431995809,
        "energy_pot": -351.0252623337878,
        "energy_kinetic": 1.9545480552419585,
        "msd": 0.0,
        "internal_pressure": 0.003890550183388271
    }
}