{
    "MDScreenResult": {
        "key": 0,
        "energy": -350.9182009220413
    },
    "MDAbadParameters": {
        "key": 0,
        "depth": -0.29128854165437634,
        "expansion_factor": 1.4285448907184175,
        "defect_index": 0,
        "lattice_constant": 12.73626586,
        "convergence_criterium": 2,
        "number_of_steps": 10000,
        "time": 286.0262379646301
    },
    "MDQuantities": {
        "key": 0,
        "temperature": 281.1464163090072,
        "energy_pot": -350.9182009220413,
        "energy_kinetic": 1.780707683707738,
        "msd": 0.0,
        "internal_pressure": 0.004006679588878704
    }
}