{
    "MDScreenResult": {
        "key": 0,
        "energy": -350.81737682549226
    },
    "MDAbadParameters": {
        "key": 0,
        "depth": 0.2986516063765755,
        "expansion_factor": 1.4455197892667053,
        "defect_index": 0,
        "lattice_constant": 12.73626586,
        "convergence_criterium": 2,
        "number_of_steps": 25000,
        "time": 714.7763226032257
    },
    "MDQuantities": {
        "key": 0,
        "temperature": 313.8116216482989,
        "energy_pot": -350.81737682549226,
        "energy_kinetic": 1.9876005294398937,
        "msd": 0.0,
        "internal_pressure": 0.004301350793819963
    }
}