{
    "MDScreenResult": {
        "key": 0,
        "energy": -350.1681383934587
    },
    "MDAbadParameters": {
        "key": 0,
        "depth": -0.08588205639133412,
        "expansion_factor": 1.07211160628214,
        "defect_index": 0,
        "lattice_constant": 12.73626586,
        "convergence_criterium": 2,
        "number_of_steps": 5000,
        "time": 143.808664560318
    },
    "MDQuantities": {
        "key": 0,
        "temperature": 334.89757202786166,
        "energy_pot": -350.1681383934587,
        "energy_kinetic": 2.1211534103626177,
        "msd": 0.0,
        "internal_pressure": 0.010040988249235973
    }
}