{
    "MDScreenResult": {
        "key": 0,
        "energy": -351.0487955332995
    },
    "MDAbadParameters": {
        "key": 0,
        "depth": 0.2832511493151653,
        "expansion_factor": 1.4112520187143005,
        "defect_index": 0,
        "lattice_constant": 12.73626586,
        "convergence_criterium": 2,
        "number_of_steps": 25000,
        "time": 699.9343955516815
    },
    "MDQuantities": {
        "key": 0,
        "temperature": 292.2467987715447,
        "energy_pot": -351.0487955332995,
        "energy_kinetic": 1.851014595681355,
        "msd": 0.0,
        "internal_pressure": 0.005169326487214452
    }
}