{
    "MDScreenResult": {
        "key": 0,
        "energy": -350.8629033490987
    },
    "MDAbadParameters": {
        "key": 0,
        "depth": 0.25909435084662436,
        "expansion_factor": 1.4481042807580513,
        "defect_index": 0,
        "lattice_constant": 12.73626586,
        "convergence_criterium": 2,
        "number_of_steps": 5000,
        "time": 157.0880584716797
    },
    "MDQuantities": {
        "key": 0,
        "temperature": 314.9940793849,
        "energy_pot": -350.8629033490987,
        "energy_kinetic": 1.9950899067005694,
        "msd": 0.0,
        "internal_pressure": 0.005461753297280734
    }
}