{
    "MDScreenResult": {
        "key": 0,
        "energy": -350.92235384659864
    },
    "MDAbadParameters": {
        "key": 0,
        "depth": -0.28794302720220916,
        "expansion_factor": 1.411860209359893,
        "defect_index": 0,
        "lattice_constant": 12.73626586,
        "convergence_criterium": 2,
        "number_of_steps": 25000,
        "time": 698.3912236690521
    },
    "MDQuantities": {
        "key": 0,
        "temperature": 315.790968117904,
        "energy_pot": -350.92235384659864,
        "energy_kinetic": 2.0001371909894816,
        "msd": 0.0,
        "internal_pressure": 0.0064798415735467345
    }
}