{
    "MDScreenResult": {
        "key": 0,
        "energy": -350.9037991463771
    },
    "MDAbadParameters": {
        "key": 0,
        "depth": -0.280434466308126,
        "expansion_factor": 1.4265356653535106,
        "defect_index": 0,
        "lattice_constant": 12.73626586,
        "convergence_criterium": 2,
        "number_of_steps": 5000,
        "time": 165.2326250076294
    },
    "MDQuantities": {
        "key": 0,
        "temperature": 400.7904626225231,
        "energy_pot": -350.9037991463771,
        "energy_kinetic": 2.538501702131926,
        "msd": 0.0,
        "internal_pressure": 0.00602125223101882
    }
}