{
    "MDScreenResult": {
        "key": 0,
        "energy": -350.6879680134461
    },
    "MDAbadParameters": {
        "key": 0,
        "depth": -0.27081776073916647,
        "expansion_factor": 1.4598716000689622,
        "defect_index": 0,
        "lattice_constant": 12.73626586,
        "convergence_criterium": 2,
        "number_of_steps": 25000,
        "time": 741.8972117900848
    },
    "MDQuantities": {
        "key": 0,
        "temperature": 333.9922381064325,
        "energy_pot": -350.6879680134461,
        "energy_kinetic": 2.115419262684782,
        "msd": 0.0,
        "internal_pressure": 0.003946913160186308
    }
}