{
    "MDScreenResult": {
        "key": 0,
        "energy": -351.12407852744127
    },
    "MDAbadParameters": {
        "key": 0,
        "depth": 0.2745144516007758,
        "expansion_factor": 1.463458367083367,
        "defect_index": 0,
        "lattice_constant": 12.73626586,
        "convergence_criterium": 2,
        "number_of_steps": 25000,
        "time": 699.8905758857727
    },
    "MDQuantities": {
        "key": 0,
        "temperature": 284.2332372342695,
        "energy_pot": -351.12407852744127,
        "energy_kinetic": 1.8002587980772808,
        "msd": 0.0,
        "internal_pressure": 0.0027494438682295693
    }
}