{
    "MDScreenResult": {
        "key": 0,
        "energy": -350.1885089148715
    },
    "MDAbadParameters": {
        "key": 0,
        "depth": 0.19077154055935505,
        "expansion_factor": 1.0879193285635749,
        "defect_index": 0,
        "lattice_constant": 12.73626586,
        "convergence_criterium": 2,
        "number_of_steps": 5000,
        "time": 152.63846492767334
    },
    "MDQuantities": {
        "key": 0,
        "temperature": 310.3889502723128,
        "energy_pot": -350.1885089148715,
        "energy_kinetic": 1.9659222263761753,
        "msd": 0.0,
        "internal_pressure": 0.008010682783814027
    }
}