{
    "MDScreenResult": {
        "key": 0,
        "energy": -351.1081175507209
    },
    "MDAbadParameters": {
        "key": 0,
        "depth": 0.30645849720874846,
        "expansion_factor": 1.502798345225752,
        "defect_index": 0,
        "lattice_constant": 12.73626586,
        "convergence_criterium": 2,
        "number_of_steps": 25000,
        "time": 751.5658657550812
    },
    "MDQuantities": {
        "key": 0,
        "temperature": 343.2310543505138,
        "energy_pot": -351.1081175507209,
        "energy_kinetic": 2.173935502337353,
        "msd": 0.0,
        "internal_pressure": 0.005011465154653565
    }
}