{
    "MDScreenResult": {
        "key": 0,
        "energy": -350.90124966434075
    },
    "MDAbadParameters": {
        "key": 0,
        "depth": 0.28548692160993994,
        "expansion_factor": 1.4731439503248385,
        "defect_index": 0,
        "lattice_constant": 12.73626586,
        "convergence_criterium": 2,
        "number_of_steps": 10000,
        "time": 286.02387619018555
    },
    "MDQuantities": {
        "key": 0,
        "temperature": 278.2357062591542,
        "energy_pot": -350.90124966434075,
        "energy_kinetic": 1.762272009446389,
        "msd": 0.0,
        "internal_pressure": 0.0058708294339052496
    }
}