{
    "MDScreenResult": {
        "key": 0,
        "energy": -351.25965027138324
    },
    "MDAbadParameters": {
        "key": 0,
        "depth": 0.27913856327063824,
        "expansion_factor": 1.5066405626333637,
        "defect_index": 0,
        "lattice_constant": 12.73626586,
        "convergence_criterium": 2,
        "number_of_steps": 60000,
        "time": 1614.631017446518
    },
    "MDQuantities": {
        "key": 0,
        "temperature": 295.0643663562992,
        "energy_pot": -351.25965027138324,
        "energy_kinetic": 1.8688603299909248,
        "msd": 0.0,
        "internal_pressure": 0.002460128331135261
    }
}