{
    "MDScreenResult": {
        "key": 0,
        "energy": -350.65491804438454
    },
    "MDAbadParameters": {
        "key": 0,
        "depth": -0.6556489840199133,
        "expansion_factor": 1.2219354699184302,
        "defect_index": 0,
        "lattice_constant": 12.73626586,
        "convergence_criterium": 2,
        "number_of_steps": 25000,
        "time": 703.4441187381744
    },
    "MDQuantities": {
        "key": 0,
        "temperature": 320.70955782297244,
        "energy_pot": -350.65491804438454,
        "energy_kinetic": 2.0312902485166124,
        "msd": 0.0,
        "internal_pressure": 0.003770023700411726
    }
}