{
    "MDScreenResult": {
        "key": 0,
        "energy": -350.1997953961025
    },
    "MDAbadParameters": {
        "key": 0,
        "depth": -0.05303394785966267,
        "expansion_factor": 1.0923987688443941,
        "defect_index": 0,
        "lattice_constant": 12.73626586,
        "convergence_criterium": 2,
        "number_of_steps": 5000,
        "time": 151.6159303188324
    },
    "MDQuantities": {
        "key": 0,
        "temperature": 406.1547130156048,
        "energy_pot": -350.1997953961025,
        "energy_kinetic": 2.5724774576037444,
        "msd": 0.0,
        "internal_pressure": 0.009220743454612405
    }
}