{
    "MDScreenResult": {
        "key": 0,
        "energy": -350.7839752393961
    },
    "MDAbadParameters": {
        "key": 0,
        "depth": 0.2889158136712931,
        "expansion_factor": 1.45157585464673,
        "defect_index": 0,
        "lattice_constant": 12.73626586,
        "convergence_criterium": 2,
        "number_of_steps": 5000,
        "time": 153.72893023490906
    },
    "MDQuantities": {
        "key": 0,
        "temperature": 238.92214251367363,
        "energy_pot": -350.7839752393961,
        "energy_kinetic": 1.5132702047832705,
        "msd": 0.0,
        "internal_pressure": 0.00491890235044003
    }
}