{
    "MDScreenResult": {
        "key": 0,
        "energy": -350.87857152074344
    },
    "MDAbadParameters": {
        "key": 0,
        "depth": -0.2811076854411791,
        "expansion_factor": 1.461914983747948,
        "defect_index": 0,
        "lattice_constant": 12.73626586,
        "convergence_criterium": 2,
        "number_of_steps": 60000,
        "time": 1636.3477363586426
    },
    "MDQuantities": {
        "key": 0,
        "temperature": 258.9895250489455,
        "energy_pot": -350.87857152074344,
        "energy_kinetic": 1.64037174405093,
        "msd": 0.0,
        "internal_pressure": 0.005557142829609142
    }
}