{
    "MDScreenResult": {
        "key": 0,
        "energy": -350.5060413386551
    },
    "MDAbadParameters": {
        "key": 0,
        "depth": 0.3495403778933,
        "expansion_factor": 1.412152500460367,
        "defect_index": 0,
        "lattice_constant": 12.73626586,
        "convergence_criterium": 2,
        "number_of_steps": 25000,
        "time": 677.2492406368256
    },
    "MDQuantities": {
        "key": 0,
        "temperature": 277.5742962896043,
        "energy_pot": -350.5060413386551,
        "energy_kinetic": 1.758082812122373,
        "msd": 0.0,
        "internal_pressure": 0.006797960647892694
    }
}