{
    "MDScreenResult": {
        "key": 0,
        "energy": -350.2102038291658
    },
    "MDAbadParameters": {
        "key": 0,
        "depth": 0.3688733668181578,
        "expansion_factor": 1.4865279274345813,
        "defect_index": 0,
        "lattice_constant": 12.73626586,
        "convergence_criterium": 2,
        "number_of_steps": 10000,
        "time": 341.5649354457855
    },
    "MDQuantities": {
        "key": 0,
        "temperature": 288.1540264639335,
        "energy_pot": -350.2102038291658,
        "energy_kinetic": 1.825092049018625,
        "msd": 0.0,
        "internal_pressure": 0.006662983548866584
    }
}