{
    "MDScreenResult": {
        "key": 0,
        "energy": -350.59868128790737
    },
    "MDAbadParameters": {
        "key": 0,
        "depth": 0.28374029016208413,
        "expansion_factor": 1.4761226191320147,
        "defect_index": 0,
        "lattice_constant": 12.73626586,
        "convergence_criterium": 2,
        "number_of_steps": 10000,
        "time": 287.1073474884033
    },
    "MDQuantities": {
        "key": 0,
        "temperature": 344.6772134401983,
        "energy_pot": -350.59868128790737,
        "energy_kinetic": 2.183095094825399,
        "msd": 0.0,
        "internal_pressure": 0.0068398337691388715
    }
}