{
    "MDScreenResult": {
        "key": 0,
        "energy": -350.7134947366968
    },
    "MDAbadParameters": {
        "key": 0,
        "depth": 0.2503222988516668,
        "expansion_factor": 1.4280905851822743,
        "defect_index": 0,
        "lattice_constant": 12.73626586,
        "convergence_criterium": 2,
        "number_of_steps": 25000,
        "time": 736.6597170829773
    },
    "MDQuantities": {
        "key": 0,
        "temperature": 308.92575345284257,
        "energy_pot": -350.7134947366968,
        "energy_kinetic": 1.9566547213749959,
        "msd": 0.0,
        "internal_pressure": 0.0059000082658849625
    }
}