{
    "MDScreenResult": {
        "key": 0,
        "energy": -350.78110695789553
    },
    "MDAbadParameters": {
        "key": 0,
        "depth": 0.28614409986960443,
        "expansion_factor": 1.4206660364052937,
        "defect_index": 0,
        "lattice_constant": 12.73626586,
        "convergence_criterium": 2,
        "number_of_steps": 5000,
        "time": 158.2577998638153
    },
    "MDQuantities": {
        "key": 0,
        "temperature": 319.78450406706173,
        "energy_pot": -350.78110695789553,
        "energy_kinetic": 2.0254312005777533,
        "msd": 0.0,
        "internal_pressure": 0.0032061018402395037
    }
}