{
    "MDScreenResult": {
        "key": 0,
        "energy": -350.16932590344555
    },
    "MDAbadParameters": {
        "key": 0,
        "depth": -0.0021056487181703733,
        "expansion_factor": 1.0969225509833669,
        "defect_index": 0,
        "lattice_constant": 12.73626586,
        "convergence_criterium": 2,
        "number_of_steps": 5000,
        "time": 157.51717019081116
    },
    "MDQuantities": {
        "key": 0,
        "temperature": 338.0915701234399,
        "energy_pot": -350.16932590344555,
        "energy_kinetic": 2.1413833568268577,
        "msd": 0.0,
        "internal_pressure": 0.010177870323099915
    }
}