{
    "MDScreenResult": {
        "key": 0,
        "energy": -350.6019223385124
    },
    "MDAbadParameters": {
        "key": 0,
        "depth": 0.46117648266419314,
        "expansion_factor": 1.2822411435447363,
        "defect_index": 0,
        "lattice_constant": 12.73626586,
        "convergence_criterium": 2,
        "number_of_steps": 5000,
        "time": 153.07264518737793
    },
    "MDQuantities": {
        "key": 0,
        "temperature": 294.8765865251784,
        "energy_pot": -350.6019223385124,
        "energy_kinetic": 1.8676709817768802,
        "msd": 0.0,
        "internal_pressure": 0.007609299187426671
    }
}