{
    "MDScreenResult": {
        "key": 0,
        "energy": -350.7279996702633
    },
    "MDAbadParameters": {
        "key": 0,
        "depth": 0.30870944656226934,
        "expansion_factor": 1.4222318770056719,
        "defect_index": 0,
        "lattice_constant": 12.73626586,
        "convergence_criterium": 2,
        "number_of_steps": 25000,
        "time": 734.6378698348999
    },
    "MDQuantities": {
        "key": 0,
        "temperature": 289.78476108909706,
        "energy_pot": -350.7279996702633,
        "energy_kinetic": 1.8354206945522937,
        "msd": 0.0,
        "internal_pressure": 0.005270071856920255
    }
}