{
    "MDScreenResult": {
        "key": 0,
        "energy": -351.19746793914754
    },
    "MDAbadParameters": {
        "key": 0,
        "depth": 0.30251520467960413,
        "expansion_factor": 1.4849369729426,
        "defect_index": 0,
        "lattice_constant": 12.73626586,
        "convergence_criterium": 2,
        "number_of_steps": 25000,
        "time": 685.5300233364105
    },
    "MDQuantities": {
        "key": 0,
        "temperature": 278.73576214356325,
        "energy_pot": -351.19746793914754,
        "energy_kinetic": 1.76543923230251,
        "msd": 0.0,
        "internal_pressure": 0.004656866978432086
    }
}