{
    "MDScreenResult": {
        "key": 0,
        "energy": -350.0616101685219
    },
    "MDAbadParameters": {
        "key": 0,
        "depth": 0.2961988467536754,
        "expansion_factor": 1.0859211475207509,
        "defect_index": 0,
        "lattice_constant": 12.73626586,
        "convergence_criterium": 2,
        "number_of_steps": 5000,
        "time": 158.4190821647644
    },
    "MDQuantities": {
        "key": 0,
        "temperature": 336.76867680189696,
        "energy_pot": -350.0616101685219,
        "energy_kinetic": 2.1330044973936717,
        "msd": 0.0,
        "internal_pressure": 0.011695419562468697
    }
}