{
    "MDScreenResult": {
        "key": 0,
        "energy": -351.0785035019807
    },
    "MDAbadParameters": {
        "key": 0,
        "depth": -0.256967367958125,
        "expansion_factor": 1.4530482159202571,
        "defect_index": 0,
        "lattice_constant": 12.73626586,
        "convergence_criterium": 2,
        "number_of_steps": 25000,
        "time": 746.998804807663
    },
    "MDQuantities": {
        "key": 0,
        "temperature": 281.1499559200298,
        "energy_pot": -351.0785035019807,
        "energy_kinetic": 1.780730102675862,
        "msd": 0.0,
        "internal_pressure": 0.004658841649529287
    }
}