{
    "MDScreenResult": {
        "key": 0,
        "energy": -351.06983451753734
    },
    "MDAbadParameters": {
        "key": 0,
        "depth": -0.2876496342191458,
        "expansion_factor": 1.4557834669461647,
        "defect_index": 0,
        "lattice_constant": 12.73626586,
        "convergence_criterium": 2,
        "number_of_steps": 25000,
        "time": 706.6733531951904
    },
    "MDQuantities": {
        "key": 0,
        "temperature": 338.0291880502761,
        "energy_pot": -351.06983451753734,
        "energy_kinetic": 2.1409882451321516,
        "msd": 0.0,
        "internal_pressure": 0.004827637243664934
    }
}