{
    "MDScreenResult": {
        "key": 0,
        "energy": -351.2407859684022
    },
    "MDAbadParameters": {
        "key": 0,
        "depth": 0.30138054071099335,
        "expansion_factor": 1.3971705783394317,
        "defect_index": 0,
        "lattice_constant": 12.73626586,
        "convergence_criterium": 2,
        "number_of_steps": 25000,
        "time": 714.7313587665558
    },
    "MDQuantities": {
        "key": 0,
        "temperature": 279.6010875542572,
        "energy_pot": -351.2407859684022,
        "energy_kinetic": 1.7709199765636665,
        "msd": 0.0,
        "internal_pressure": 0.004204045210866929
    }
}