{
    "MDScreenResult": {
        "key": 0,
        "energy": -350.18181179174644
    },
    "MDAbadParameters": {
        "key": 0,
        "depth": 0.613215059540325,
        "expansion_factor": 1.261918934039557,
        "defect_index": 0,
        "lattice_constant": 12.73626586,
        "convergence_criterium": 2,
        "number_of_steps": 25000,
        "time": 708.9762065410614
    },
    "MDQuantities": {
        "key": 0,
        "temperature": 321.1517990738121,
        "energy_pot": -350.18181179174644,
        "energy_kinetic": 2.0340912886428257,
        "msd": 0.0,
        "internal_pressure": 0.004448285948210743
    }
}