{
    "MDScreenResult": {
        "key": 0,
        "energy": -350.9109260083439
    },
    "MDAbadParameters": {
        "key": 0,
        "depth": -0.2885839137209454,
        "expansion_factor": 1.5035827729647757,
        "defect_index": 0,
        "lattice_constant": 12.73626586,
        "convergence_criterium": 2,
        "number_of_steps": 25000,
        "time": 739.2866704463959
    },
    "MDQuantities": {
        "key": 0,
        "temperature": 331.44986878253695,
        "energy_pot": -350.9109260083439,
        "energy_kinetic": 2.0993165620019187,
        "msd": 0.0,
        "internal_pressure": 0.00262221894831774
    }
}