{
    "MDScreenResult": {
        "key": 0,
        "energy": -350.72171552012657
    },
    "MDAbadParameters": {
        "key": 0,
        "depth": -0.28472901504992193,
        "expansion_factor": 1.4391333465307425,
        "defect_index": 0,
        "lattice_constant": 12.73626586,
        "convergence_criterium": 2,
        "number_of_steps": 5000,
        "time": 155.36223006248474
    },
    "MDQuantities": {
        "key": 0,
        "temperature": 281.1970452221936,
        "energy_pot": -350.72171552012657,
        "energy_kinetic": 1.7810283539688512,
        "msd": 0.0,
        "internal_pressure": 0.007263296990015514
    }
}