{
    "MDScreenResult": {
        "key": 0,
        "energy": -351.00078418030444
    },
    "MDAbadParameters": {
        "key": 0,
        "depth": -0.27971361543395185,
        "expansion_factor": 1.4943164941810438,
        "defect_index": 0,
        "lattice_constant": 12.73626586,
        "convergence_criterium": 2,
        "number_of_steps": 25000,
        "time": 679.4250476360321
    },
    "MDQuantities": {
        "key": 0,
        "temperature": 380.07629830844564,
        "energy_pot": -351.00078418030444,
        "energy_kinetic": 2.407303616664882,
        "msd": 0.0,
        "internal_pressure": 0.0026496526872203147
    }
}