{
    "MDScreenResult": {
        "key": 0,
        "energy": -350.5018113514713
    },
    "MDAbadParameters": {
        "key": 0,
        "depth": -0.6409762903040983,
        "expansion_factor": 1.2013789001757076,
        "defect_index": 0,
        "lattice_constant": 12.73626586,
        "convergence_criterium": 2,
        "number_of_steps": 60000,
        "time": 1665.3188490867615
    },
    "MDQuantities": {
        "key": 0,
        "temperature": 275.10016317259164,
        "energy_pot": -350.5018113514713,
        "energy_kinetic": 1.7424123016822257,
        "msd": 0.0,
        "internal_pressure": 0.005096953719152689
    }
}