{
    "MDScreenResult": {
        "key": 0,
        "energy": -351.05789841421455
    },
    "MDAbadParameters": {
        "key": 0,
        "depth": -0.28105185467312493,
        "expansion_factor": 1.4647009716867827,
        "defect_index": 0,
        "lattice_constant": 12.73626586,
        "convergence_criterium": 2,
        "number_of_steps": 5000,
        "time": 156.95758819580078
    },
    "MDQuantities": {
        "key": 0,
        "temperature": 255.20755446892744,
        "energy_pot": -351.05789841421455,
        "energy_kinetic": 1.6164177340378953,
        "msd": 0.0,
        "internal_pressure": 0.005159025416964615
    }
}