{
    "MDScreenResult": {
        "key": 0,
        "energy": -350.9004349551372
    },
    "MDAbadParameters": {
        "key": 0,
        "depth": 0.3137685258982287,
        "expansion_factor": 1.443491575631096,
        "defect_index": 0,
        "lattice_constant": 12.73626586,
        "convergence_criterium": 2,
        "number_of_steps": 5000,
        "time": 154.26322054862976
    },
    "MDQuantities": {
        "key": 0,
        "temperature": 324.5798293875407,
        "energy_pot": -350.9004349551372,
        "energy_kinetic": 2.0558035338130805,
        "msd": 0.0,
        "internal_pressure": 0.0038379733634996437
    }
}