{
    "MDScreenResult": {
        "key": 0,
        "energy": -350.95466642061643
    },
    "MDAbadParameters": {
        "key": 0,
        "depth": -0.2747992006866271,
        "expansion_factor": 1.4815787449854254,
        "defect_index": 0,
        "lattice_constant": 12.73626586,
        "convergence_criterium": 2,
        "number_of_steps": 25000,
        "time": 718.9866628646851
    },
    "MDQuantities": {
        "key": 0,
        "temperature": 289.50485517885375,
        "energy_pot": -350.95466642061643,
        "energy_kinetic": 1.8336478439087427,
        "msd": 0.0,
        "internal_pressure": 0.001272641497506117
    }
}