{
    "MDScreenResult": {
        "key": 0,
        "energy": -350.943551068387
    },
    "MDAbadParameters": {
        "key": 0,
        "depth": 0.2871108879176929,
        "expansion_factor": 1.4321752655387348,
        "defect_index": 0,
        "lattice_constant": 12.73626586,
        "convergence_criterium": 2,
        "number_of_steps": 25000,
        "time": 697.2753775119781
    },
    "MDQuantities": {
        "key": 0,
        "temperature": 277.90998245813176,
        "energy_pot": -350.943551068387,
        "energy_kinetic": 1.7602089602961923,
        "msd": 0.0,
        "internal_pressure": 0.004081480520708975
    }
}