{
    "MDScreenResult": {
        "key": 0,
        "energy": -350.9531134691452
    },
    "MDAbadParameters": {
        "key": 0,
        "depth": 0.2873030029588639,
        "expansion_factor": 1.5045612972211524,
        "defect_index": 0,
        "lattice_constant": 12.73626586,
        "convergence_criterium": 2,
        "number_of_steps": 25000,
        "time": 724.775773525238
    },
    "MDQuantities": {
        "key": 0,
        "temperature": 261.3839838917171,
        "energy_pot": -350.9531134691452,
        "energy_kinetic": 1.6555376185287998,
        "msd": 0.0,
        "internal_pressure": 0.007248219639659502
    }
}