{
    "MDScreenResult": {
        "key": 0,
        "energy": -350.8244457941414
    },
    "MDAbadParameters": {
        "key": 0,
        "depth": -0.2807487033613354,
        "expansion_factor": 1.4577366209267055,
        "defect_index": 0,
        "lattice_constant": 12.73626586,
        "convergence_criterium": 2,
        "number_of_steps": 25000,
        "time": 722.0890810489655
    },
    "MDQuantities": {
        "key": 0,
        "temperature": 346.1369255887454,
        "energy_pot": -350.8244457941414,
        "energy_kinetic": 2.1923405288346394,
        "msd": 0.0,
        "internal_pressure": 0.005581234334139432
    }
}