{
    "MDScreenResult": {
        "key": 0,
        "energy": -350.838294126179
    },
    "MDAbadParameters": {
        "key": 0,
        "depth": -0.3043955520414869,
        "expansion_factor": 1.399722567287857,
        "defect_index": 0,
        "lattice_constant": 12.73626586,
        "convergence_criterium": 2,
        "number_of_steps": 25000,
        "time": 666.2310013771057
    },
    "MDQuantities": {
        "key": 0,
        "temperature": 346.73537762199334,
        "energy_pot": -350.838294126179,
        "energy_kinetic": 2.196130967097825,
        "msd": 0.0,
        "internal_pressure": 0.0046092382088634256
    }
}