{
    "MDScreenResult": {
        "key": 0,
        "energy": -350.6043661801462
    },
    "MDAbadParameters": {
        "key": 0,
        "depth": -0.692242999555283,
        "expansion_factor": 1.1797095455145434,
        "defect_index": 0,
        "lattice_constant": 12.73626586,
        "convergence_criterium": 2,
        "number_of_steps": 5000,
        "time": 151.30187511444092
    },
    "MDQuantities": {
        "key": 0,
        "temperature": 363.2562077298871,
        "energy_pot": -350.6043661801462,
        "energy_kinetic": 2.3007695732041267,
        "msd": 0.0,
        "internal_pressure": 0.00778264546043839
    }
}