{
    "MDScreenResult": {
        "key": 0,
        "energy": -350.9962875416377
    },
    "MDAbadParameters": {
        "key": 0,
        "depth": 0.32158916542350424,
        "expansion_factor": 1.5495024702249547,
        "defect_index": 0,
        "lattice_constant": 12.73626586,
        "convergence_criterium": 2,
        "number_of_steps": 10000,
        "time": 333.7378509044647
    },
    "MDQuantities": {
        "key": 0,
        "temperature": 289.8072953465148,
        "energy_pot": -350.9962875416377,
        "energy_kinetic": 1.8355634206302474,
        "msd": 0.0,
        "internal_pressure": 0.002998106731890606
    }
}