{
    "MDScreenResult": {
        "key": 0,
        "energy": -351.0735594443718
    },
    "MDAbadParameters": {
        "key": 0,
        "depth": 0.29509206856158626,
        "expansion_factor": 1.428894997584147,
        "defect_index": 0,
        "lattice_constant": 12.73626586,
        "convergence_criterium": 2,
        "number_of_steps": 20000,
        "time": 552.0196883678436
    },
    "MDQuantities": {
        "key": 0,
        "temperature": 263.9989278616331,
        "energy_pot": -351.0735594443718,
        "energy_kinetic": 1.6720999879903289,
        "msd": 0.0,
        "internal_pressure": 0.004056962777268616
    }
}