{
    "MDScreenResult": {
        "key": 0,
        "energy": -350.86701930909254
    },
    "MDAbadParameters": {
        "key": 0,
        "depth": -0.2718640755728607,
        "expansion_factor": 1.4544467638547227,
        "defect_index": 0,
        "lattice_constant": 12.73626586,
        "convergence_criterium": 2,
        "number_of_steps": 5000,
        "time": 153.13709998130798
    },
    "MDQuantities": {
        "key": 0,
        "temperature": 297.0524149944943,
        "energy_pot": -350.86701930909254,
        "energy_kinetic": 1.8814521087946343,
        "msd": 0.0,
        "internal_pressure": 0.0039922751534740356
    }
}