{
    "MDScreenResult": {
        "key": 0,
        "energy": -350.12644322280323
    },
    "MDAbadParameters": {
        "key": 0,
        "depth": -0.6354323888528005,
        "expansion_factor": 1.212863152654957,
        "defect_index": 0,
        "lattice_constant": 12.73626586,
        "convergence_criterium": 2,
        "number_of_steps": 5000,
        "time": 196.50765347480774
    },
    "MDQuantities": {
        "key": 0,
        "temperature": 268.342423145339,
        "energy_pot": -350.12644322280323,
        "energy_kinetic": 1.6996105482435406,
        "msd": 0.0,
        "internal_pressure": 0.005205329229757984
    }
}