{
    "MDScreenResult": {
        "key": 0,
        "energy": -350.9049242728016
    },
    "MDAbadParameters": {
        "key": 0,
        "depth": -0.319418442066988,
        "expansion_factor": 1.4649122204962366,
        "defect_index": 0,
        "lattice_constant": 12.73626586,
        "convergence_criterium": 2,
        "number_of_steps": 20000,
        "time": 569.9150757789612
    },
    "MDQuantities": {
        "key": 0,
        "temperature": 338.7413895872397,
        "energy_pot": -350.9049242728016,
        "energy_kinetic": 2.145499142926508,
        "msd": 0.0,
        "internal_pressure": 0.004891755825506677
    }
}