{
    "MDScreenResult": {
        "key": 0,
        "energy": -350.13659233712707
    },
    "MDAbadParameters": {
        "key": 0,
        "depth": -0.1362213678011646,
        "expansion_factor": 1.089872918042141,
        "defect_index": 0,
        "lattice_constant": 12.73626586,
        "convergence_criterium": 2,
        "number_of_steps": 10000,
        "time": 372.05472564697266
    },
    "MDQuantities": {
        "key": 0,
        "temperature": 270.36551845857605,
        "energy_pot": -350.13659233712707,
        "energy_kinetic": 1.7124243034976525,
        "msd": 0.0,
        "internal_pressure": 0.00984715368438778
    }
}