{
    "MDScreenResult": {
        "key": 0,
        "energy": -350.87923710372513
    },
    "MDAbadParameters": {
        "key": 0,
        "depth": 0.2864187193818492,
        "expansion_factor": 1.4599822144335262,
        "defect_index": 0,
        "lattice_constant": 12.73626586,
        "convergence_criterium": 2,
        "number_of_steps": 5000,
        "time": 154.35250115394592
    },
    "MDQuantities": {
        "key": 0,
        "temperature": 324.79389644959724,
        "energy_pot": -350.87923710372513,
        "energy_kinetic": 2.0571593784553035,
        "msd": 0.0,
        "internal_pressure": 0.003738918570604547
    }
}