{
    "MDScreenResult": {
        "key": 0,
        "energy": -350.5539455908925
    },
    "MDAbadParameters": {
        "key": 0,
        "depth": -0.336047267407727,
        "expansion_factor": 1.482512510295504,
        "defect_index": 0,
        "lattice_constant": 12.73626586,
        "convergence_criterium": 2,
        "number_of_steps": 25000,
        "time": 708.138062953949
    },
    "MDQuantities": {
        "key": 0,
        "temperature": 289.718041736679,
        "energy_pot": -350.5539455908925,
        "energy_kinetic": 1.8349981116680352,
        "msd": 0.0,
        "internal_pressure": 0.004417481913298879
    }
}