{
    "MDScreenResult": {
        "key": 0,
        "energy": -350.9031885664191
    },
    "MDAbadParameters": {
        "key": 0,
        "depth": 0.275530868704727,
        "expansion_factor": 1.4704427121145152,
        "defect_index": 0,
        "lattice_constant": 12.73626586,
        "convergence_criterium": 2,
        "number_of_steps": 25000,
        "time": 707.94873046875
    },
    "MDQuantities": {
        "key": 0,
        "temperature": 276.5118347506362,
        "energy_pot": -350.9031885664191,
        "energy_kinetic": 1.7513534593142437,
        "msd": 0.0,
        "internal_pressure": 0.004931990842140218
    }
}