{
    "MDScreenResult": {
        "key": 0,
        "energy": -350.3772197307552
    },
    "MDAbadParameters": {
        "key": 0,
        "depth": -0.08027526140610262,
        "expansion_factor": 1.083590583977503,
        "defect_index": 0,
        "lattice_constant": 12.73626586,
        "convergence_criterium": 2,
        "number_of_steps": 10000,
        "time": 364.2890305519104
    },
    "MDQuantities": {
        "key": 0,
        "temperature": 208.65730952929133,
        "energy_pot": -350.3772197307552,
        "energy_kinetic": 1.32158068816433,
        "msd": 0.0,
        "internal_pressure": 0.010475369658554326
    }
}