{
    "MDScreenResult": {
        "key": 0,
        "energy": -350.2654958480272
    },
    "MDAbadParameters": {
        "key": 0,
        "depth": 0.011698098058294071,
        "expansion_factor": 1.077228787745568,
        "defect_index": 0,
        "lattice_constant": 12.73626586,
        "convergence_criterium": 2,
        "number_of_steps": 20000,
        "time": 569.5492613315582
    },
    "MDQuantities": {
        "key": 0,
        "temperature": 298.28624127855704,
        "energy_pot": -350.2654958480272,
        "energy_kinetic": 1.8892668409659892,
        "msd": 0.0,
        "internal_pressure": 0.009831403134999849
    }
}