{
    "MDScreenResult": {
        "key": 0,
        "energy": -350.09674103462015
    },
    "MDAbadParameters": {
        "key": 0,
        "depth": -0.036689784591497895,
        "expansion_factor": 1.0806244281974575,
        "defect_index": 0,
        "lattice_constant": 12.73626586,
        "convergence_criterium": 2,
        "number_of_steps": 5000,
        "time": 149.7288863658905
    },
    "MDQuantities": {
        "key": 0,
        "temperature": 291.92868222384436,
        "energy_pot": -350.09674103462015,
        "energy_kinetic": 1.848999728879062,
        "msd": 0.0,
        "internal_pressure": 0.007025200425799936
    }
}