{
    "MDScreenResult": {
        "key": 0,
        "energy": -350.813382589954
    },
    "MDAbadParameters": {
        "key": 0,
        "depth": 0.31403464871657266,
        "expansion_factor": 1.512841465475845,
        "defect_index": 0,
        "lattice_constant": 12.73626586,
        "convergence_criterium": 2,
        "number_of_steps": 5000,
        "time": 148.42024540901184
    },
    "MDQuantities": {
        "key": 0,
        "temperature": 235.90522486642413,
        "energy_pot": -350.813382589954,
        "energy_kinetic": 1.4941618394478715,
        "msd": 0.0,
        "internal_pressure": 0.004816516438844777
    }
}