{
    "MDScreenResult": {
        "key": 0,
        "energy": -350.3528873903163
    },
    "MDAbadParameters": {
        "key": 0,
        "depth": 0.21972266695701262,
        "expansion_factor": 1.181528481910216,
        "defect_index": 0,
        "lattice_constant": 12.73626586,
        "convergence_criterium": 2,
        "number_of_steps": 5000,
        "time": 158.67093300819397
    },
    "MDQuantities": {
        "key": 0,
        "temperature": 292.8556940952014,
        "energy_pot": -350.3528873903163,
        "energy_kinetic": 1.8548711790077363,
        "msd": 0.0,
        "internal_pressure": 0.0062967463048903315
    }
}