{
    "MDScreenResult": {
        "key": 0,
        "energy": -350.7209954884114
    },
    "MDAbadParameters": {
        "key": 0,
        "depth": -0.3168849390707147,
        "expansion_factor": 1.4954077758945803,
        "defect_index": 0,
        "lattice_constant": 12.73626586,
        "convergence_criterium": 2,
        "number_of_steps": 5000,
        "time": 160.98264241218567
    },
    "MDQuantities": {
        "key": 0,
        "temperature": 287.97226690459746,
        "energy_pot": -350.7209954884114,
        "energy_kinetic": 1.823940831627537,
        "msd": 0.0,
        "internal_pressure": 0.005787130562045544
    }
}