{
    "MDScreenResult": {
        "key": 0,
        "energy": -351.0320930744229
    },
    "MDAbadParameters": {
        "key": 0,
        "depth": 0.31503402121264973,
        "expansion_factor": 1.4728356939452731,
        "defect_index": 0,
        "lattice_constant": 12.73626586,
        "convergence_criterium": 2,
        "number_of_steps": 60000,
        "time": 1712.0273241996765
    },
    "MDQuantities": {
        "key": 0,
        "temperature": 328.6052215012717,
        "energy_pot": -351.0320930744229,
        "energy_kinetic": 2.0812993119950045,
        "msd": 0.0,
        "internal_pressure": 0.00464602990102911
    }
}