{
    "MDScreenResult": {
        "key": 0,
        "energy": -350.17272725547093
    },
    "MDAbadParameters": {
        "key": 0,
        "depth": 0.05956476605510265,
        "expansion_factor": 1.0950675133888501,
        "defect_index": 0,
        "lattice_constant": 12.73626586,
        "convergence_criterium": 2,
        "number_of_steps": 5000,
        "time": 201.84309649467468
    },
    "MDQuantities": {
        "key": 0,
        "temperature": 285.0669049887132,
        "energy_pot": -350.17272725547093,
        "energy_kinetic": 1.8055390310444532,
        "msd": 0.0,
        "internal_pressure": 0.009916813568650457
    }
}