{
    "MDScreenResult": {
        "key": 0,
        "energy": -350.95262046184706
    },
    "MDAbadParameters": {
        "key": 0,
        "depth": -0.2739438160130509,
        "expansion_factor": 1.4875043905000198,
        "defect_index": 0,
        "lattice_constant": 12.73626586,
        "convergence_criterium": 2,
        "number_of_steps": 25000,
        "time": 725.9648842811584
    },
    "MDQuantities": {
        "key": 0,
        "temperature": 329.23168795962556,
        "energy_pot": -350.95262046184706,
        "energy_kinetic": 2.0852671862813685,
        "msd": 0.0,
        "internal_pressure": 0.005494238517126116
    }
}