{
    "MDScreenResult": {
        "key": 0,
        "energy": -351.285603020878
    },
    "MDAbadParameters": {
        "key": 0,
        "depth": 0.3254131012718594,
        "expansion_factor": 1.4558090435789026,
        "defect_index": 0,
        "lattice_constant": 12.73626586,
        "convergence_criterium": 2,
        "number_of_steps": 25000,
        "time": 731.6365458965302
    },
    "MDQuantities": {
        "key": 0,
        "temperature": 336.6362672394256,
        "energy_pot": -351.285603020878,
        "energy_kinetic": 2.1321658499430494,
        "msd": 0.0,
        "internal_pressure": 0.004372174986908159
    }
}