{
    "MDScreenResult": {
        "key": 0,
        "energy": -350.6127432347653
    },
    "MDAbadParameters": {
        "key": 0,
        "depth": -0.31338844061073245,
        "expansion_factor": 1.3598679694910478,
        "defect_index": 0,
        "lattice_constant": 12.73626586,
        "convergence_criterium": 2,
        "number_of_steps": 5000,
        "time": 148.65368151664734
    },
    "MDQuantities": {
        "key": 0,
        "temperature": 281.3953205722425,
        "energy_pot": -350.6127432347653,
        "energy_kinetic": 1.782284178047839,
        "msd": 0.0,
        "internal_pressure": 0.005104415092643553
    }
}