{
    "MDScreenResult": {
        "key": 0,
        "energy": -350.9273562611203
    },
    "MDAbadParameters": {
        "key": 0,
        "depth": 0.2753561349290838,
        "expansion_factor": 1.4807644169148209,
        "defect_index": 0,
        "lattice_constant": 12.73626586,
        "convergence_criterium": 2,
        "number_of_steps": 10000,
        "time": 335.1942207813263
    },
    "MDQuantities": {
        "key": 0,
        "temperature": 301.853255129938,
        "energy_pot": -350.9273562611203,
        "energy_kinetic": 1.9118593714219518,
        "msd": 0.0,
        "internal_pressure": 0.003335930052108115
    }
}