{
    "MDScreenResult": {
        "key": 0,
        "energy": -349.7819434537668
    },
    "MDAbadParameters": {
        "key": 0,
        "depth": 0.016951011377999075,
        "expansion_factor": 1.097013990010492,
        "defect_index": 0,
        "lattice_constant": 12.73626586,
        "convergence_criterium": 2,
        "number_of_steps": 20000,
        "time": 570.7414247989655
    },
    "MDQuantities": {
        "key": 0,
        "temperature": 349.6311721377008,
        "energy_pot": -349.7819434537668,
        "energy_kinetic": 2.2144721702767813,
        "msd": 0.0,
        "internal_pressure": 0.008320880812610112
    }
}