{
    "MDScreenResult": {
        "key": 0,
        "energy": -350.32527630461914
    },
    "MDAbadParameters": {
        "key": 0,
        "depth": -0.6578929686570054,
        "expansion_factor": 1.2500035160978742,
        "defect_index": 0,
        "lattice_constant": 12.73626586,
        "convergence_criterium": 2,
        "number_of_steps": 60000,
        "time": 1656.9020493030548
    },
    "MDQuantities": {
        "key": 0,
        "temperature": 291.19399789697616,
        "energy_pot": -350.32527630461914,
        "energy_kinetic": 1.8443464309884858,
        "msd": 0.0,
        "internal_pressure": 0.004574173106122711
    }
}