{
    "MDScreenResult": {
        "key": 0,
        "energy": -351.1567172614426
    },
    "MDAbadParameters": {
        "key": 0,
        "depth": -0.278628518220321,
        "expansion_factor": 1.4796514986545206,
        "defect_index": 0,
        "lattice_constant": 12.73626586,
        "convergence_criterium": 2,
        "number_of_steps": 25000,
        "time": 697.8978729248047
    },
    "MDQuantities": {
        "key": 0,
        "temperature": 303.9333449563955,
        "energy_pot": -351.1567172614426,
        "energy_kinetic": 1.9250341149787185,
        "msd": 0.0,
        "internal_pressure": 0.003719388002195926
    }
}