{
    "MDScreenResult": {
        "key": 0,
        "energy": -350.98527968807156
    },
    "MDAbadParameters": {
        "key": 0,
        "depth": -0.3001561054234014,
        "expansion_factor": 1.5441703449678956,
        "defect_index": 0,
        "lattice_constant": 12.73626586,
        "convergence_criterium": 2,
        "number_of_steps": 5000,
        "time": 156.92981886863708
    },
    "MDQuantities": {
        "key": 0,
        "temperature": 268.40436694322347,
        "energy_pot": -350.98527968807156,
        "energy_kinetic": 1.700002884017544,
        "msd": 0.0,
        "internal_pressure": 0.003473214229690809
    }
}