{
    "MDScreenResult": {
        "key": 0,
        "energy": -351.2015050341392
    },
    "MDAbadParameters": {
        "key": 0,
        "depth": -0.31774585153947105,
        "expansion_factor": 1.4754431155714847,
        "defect_index": 0,
        "lattice_constant": 12.73626586,
        "convergence_criterium": 2,
        "number_of_steps": 5000,
        "time": 163.99228358268738
    },
    "MDQuantities": {
        "key": 0,
        "temperature": 376.786399701356,
        "energy_pot": -351.2015050341392,
        "energy_kinetic": 2.386466261506049,
        "msd": 0.0,
        "internal_pressure": 0.002621369656268342
    }
}