{
    "MDScreenResult": {
        "key": 0,
        "energy": -350.4739797372955
    },
    "MDAbadParameters": {
        "key": 0,
        "depth": -0.584601612960239,
        "expansion_factor": 1.2264814418922871,
        "defect_index": 0,
        "lattice_constant": 12.73626586,
        "convergence_criterium": 2,
        "number_of_steps": 10000,
        "time": 266.78657484054565
    },
    "MDQuantities": {
        "key": 0,
        "temperature": 258.561117744639,
        "energy_pot": -350.4739797372955,
        "energy_kinetic": 1.6376583245147667,
        "msd": 0.0,
        "internal_pressure": 0.006219425235172542
    }
}