{
    "MDScreenResult": {
        "key": 0,
        "energy": -350.9489271112216
    },
    "MDAbadParameters": {
        "key": 0,
        "depth": 0.3064629478756904,
        "expansion_factor": 1.4813835040618695,
        "defect_index": 0,
        "lattice_constant": 12.73626586,
        "convergence_criterium": 2,
        "number_of_steps": 60000,
        "time": 1650.447612285614
    },
    "MDQuantities": {
        "key": 0,
        "temperature": 301.6123840452833,
        "energy_pot": -350.9489271112216,
        "energy_kinetic": 1.910333757128664,
        "msd": 0.0,
        "internal_pressure": 0.006072761230583999
    }
}