{
    "MDScreenResult": {
        "key": 0,
        "energy": -350.50252371227566
    },
    "MDAbadParameters": {
        "key": 0,
        "depth": -0.6682112281023316,
        "expansion_factor": 1.2214825965769136,
        "defect_index": 0,
        "lattice_constant": 12.73626586,
        "convergence_criterium": 2,
        "number_of_steps": 60000,
        "time": 1653.2256572246552
    },
    "MDQuantities": {
        "key": 0,
        "temperature": 264.91552981662267,
        "energy_pot": -350.50252371227566,
        "energy_kinetic": 1.6779055044382338,
        "msd": 0.0,
        "internal_pressure": 0.004159510084862769
    }
}