{
    "MDScreenResult": {
        "key": 0,
        "energy": -350.832842704627
    },
    "MDAbadParameters": {
        "key": 0,
        "depth": 0.32184607524978187,
        "expansion_factor": 1.5467137143006833,
        "defect_index": 0,
        "lattice_constant": 12.73626586,
        "convergence_criterium": 2,
        "number_of_steps": 25000,
        "time": 714.0146994590759
    },
    "MDQuantities": {
        "key": 0,
        "temperature": 295.7557366010653,
        "energy_pot": -350.832842704627,
        "energy_kinetic": 1.8732392878425115,
        "msd": 0.0,
        "internal_pressure": 0.003226543037181796
    }
}