{
    "MDScreenResult": {
        "key": 0,
        "energy": -350.74670849549057
    },
    "MDAbadParameters": {
        "key": 0,
        "depth": -0.27822133333517957,
        "expansion_factor": 1.4496755092034423,
        "defect_index": 0,
        "lattice_constant": 12.73626586,
        "convergence_criterium": 2,
        "number_of_steps": 5000,
        "time": 156.0609622001648
    },
    "MDQuantities": {
        "key": 0,
        "temperature": 400.81862911457824,
        "energy_pot": -350.74670849549057,
        "energy_kinetic": 2.538680101307289,
        "msd": 0.0,
        "internal_pressure": 0.005031669008671938
    }
}