{
    "MDScreenResult": {
        "key": 0,
        "energy": -350.4534230126502
    },
    "MDAbadParameters": {
        "key": 0,
        "depth": 0.33341688604714637,
        "expansion_factor": 1.2790531765503976,
        "defect_index": 0,
        "lattice_constant": 12.73626586,
        "convergence_criterium": 2,
        "number_of_steps": 5000,
        "time": 157.3048141002655
    },
    "MDQuantities": {
        "key": 0,
        "temperature": 280.4273554933717,
        "energy_pot": -350.4534230126502,
        "energy_kinetic": 1.7761533410407913,
        "msd": 0.0,
        "internal_pressure": 0.006145900069890957
    }
}