{
    "MDScreenResult": {
        "key": 0,
        "energy": -350.8851274957715
    },
    "MDAbadParameters": {
        "key": 0,
        "depth": 0.3178120432691945,
        "expansion_factor": 1.528369107941852,
        "defect_index": 0,
        "lattice_constant": 12.73626586,
        "convergence_criterium": 2,
        "number_of_steps": 10000,
        "time": 337.38462567329407
    },
    "MDQuantities": {
        "key": 0,
        "temperature": 239.65880276768928,
        "energy_pot": -350.8851274957715,
        "energy_kinetic": 1.5179360176783065,
        "msd": 0.0,
        "internal_pressure": 0.003568872386237518
    }
}