{
    "MDScreenResult": {
        "key": 0,
        "energy": -350.8660939508624
    },
    "MDAbadParameters": {
        "key": 0,
        "depth": -0.29307820578804616,
        "expansion_factor": 1.4119185080620187,
        "defect_index": 0,
        "lattice_constant": 12.73626586,
        "convergence_criterium": 2,
        "number_of_steps": 10000,
        "time": 346.1762001514435
    },
    "MDQuantities": {
        "key": 0,
        "temperature": 313.66959595812216,
        "energy_pot": -350.8660939508624,
        "energy_kinetic": 1.9867009759577547,
        "msd": 0.0,
        "internal_pressure": 0.00512357712539523
    }
}