{
    "MDScreenResult": {
        "key": 0,
        "energy": -350.55437192688464
    },
    "MDAbadParameters": {
        "key": 0,
        "depth": 0.9690455708967501,
        "expansion_factor": 1.0962132850483266,
        "defect_index": 0,
        "lattice_constant": 12.73626586,
        "convergence_criterium": 2,
        "number_of_steps": 60000,
        "time": 1677.5861268043518
    },
    "MDQuantities": {
        "key": 0,
        "temperature": 251.93545145235962,
        "energy_pot": -350.55437192688464,
        "energy_kinetic": 1.5956930914833856,
        "msd": 0.0,
        "internal_pressure": 0.004822319396584543
    }
}