{
    "MDScreenResult": {
        "key": 0,
        "energy": -350.2342070670942
    },
    "MDAbadParameters": {
        "key": 0,
        "depth": 0.07969127814285694,
        "expansion_factor": 1.0923572237244723,
        "defect_index": 0,
        "lattice_constant": 12.73626586,
        "convergence_criterium": 2,
        "number_of_steps": 20000,
        "time": 560.6162929534912
    },
    "MDQuantities": {
        "key": 0,
        "temperature": 282.2818782480163,
        "energy_pot": -350.2342070670942,
        "energy_kinetic": 1.7878994019088654,
        "msd": 0.0,
        "internal_pressure": 0.0080434394547355
    }
}