{
    "MDScreenResult": {
        "key": 0,
        "energy": -351.3353330112171
    },
    "MDAbadParameters": {
        "key": 0,
        "depth": 0.29005334513302927,
        "expansion_factor": 1.4704667474143445,
        "defect_index": 0,
        "lattice_constant": 12.73626586,
        "convergence_criterium": 2,
        "number_of_steps": 5000,
        "time": 152.26966762542725
    },
    "MDQuantities": {
        "key": 0,
        "temperature": 321.2994356394624,
        "energy_pot": -351.3353330112171,
        "energy_kinetic": 2.0350263799390307,
        "msd": 0.0,
        "internal_pressure": 0.0046563978961337
    }
}