{
    "MDScreenResult": {
        "key": 0,
        "energy": -350.84780625567083
    },
    "MDAbadParameters": {
        "key": 0,
        "depth": 0.284976341789201,
        "expansion_factor": 1.465199532708312,
        "defect_index": 0,
        "lattice_constant": 12.73626586,
        "convergence_criterium": 2,
        "number_of_steps": 10000,
        "time": 324.8380801677704
    },
    "MDQuantities": {
        "key": 0,
        "temperature": 357.39889009914464,
        "energy_pot": -350.84780625567083,
        "energy_kinetic": 2.2636708591322527,
        "msd": 0.0,
        "internal_pressure": 0.0026803024161223144
    }
}