{
    "MDScreenResult": {
        "key": 0,
        "energy": -351.03440168118135
    },
    "MDAbadParameters": {
        "key": 0,
        "depth": -0.2934253120580111,
        "expansion_factor": 1.471477216865133,
        "defect_index": 0,
        "lattice_constant": 12.73626586,
        "convergence_criterium": 2,
        "number_of_steps": 5000,
        "time": 154.33610916137695
    },
    "MDQuantities": {
        "key": 0,
        "temperature": 337.83842251813616,
        "energy_pot": -351.03440168118135,
        "energy_kinetic": 2.139779986270709,
        "msd": 0.0,
        "internal_pressure": 0.006968530325758854
    }
}