{
    "MDScreenResult": {
        "key": 0,
        "energy": -350.5116435210215
    },
    "MDAbadParameters": {
        "key": 0,
        "depth": -0.32831156268014045,
        "expansion_factor": 1.539359004390085,
        "defect_index": 0,
        "lattice_constant": 12.73626586,
        "convergence_criterium": 2,
        "number_of_steps": 5000,
        "time": 145.14850306510925
    },
    "MDQuantities": {
        "key": 0,
        "temperature": 277.7790849568316,
        "energy_pot": -350.5116435210215,
        "energy_kinetic": 1.7593798898445625,
        "msd": 0.0,
        "internal_pressure": 0.0020684166196514044
    }
}