{
    "MDScreenResult": {
        "key": 0,
        "energy": -350.5464157775732
    },
    "MDAbadParameters": {
        "key": 0,
        "depth": 0.3314843548428454,
        "expansion_factor": 1.4471558823177888,
        "defect_index": 0,
        "lattice_constant": 12.73626586,
        "convergence_criterium": 2,
        "number_of_steps": 25000,
        "time": 720.1048386096954
    },
    "MDQuantities": {
        "key": 0,
        "temperature": 259.0124028001657,
        "energy_pot": -350.5464157775732,
        "energy_kinetic": 1.6405166457285636,
        "msd": 0.0,
        "internal_pressure": 0.00477168726738367
    }
}