{
    "MDScreenResult": {
        "key": 0,
        "energy": -350.9112239337942
    },
    "MDAbadParameters": {
        "key": 0,
        "depth": -0.2823056428972075,
        "expansion_factor": 1.4560415111090201,
        "defect_index": 0,
        "lattice_constant": 12.73626586,
        "convergence_criterium": 2,
        "number_of_steps": 5000,
        "time": 162.3694086074829
    },
    "MDQuantities": {
        "key": 0,
        "temperature": 294.689869286159,
        "energy_pot": -350.9112239337942,
        "energy_kinetic": 1.8664883637425917,
        "msd": 0.0,
        "internal_pressure": 0.004163953274086806
    }
}