{
    "MDScreenResult": {
        "key": 0,
        "energy": -349.91432406534216
    },
    "MDAbadParameters": {
        "key": 0,
        "depth": -0.03726389365405505,
        "expansion_factor": 1.1041891501803767,
        "defect_index": 0,
        "lattice_constant": 12.73626586,
        "convergence_criterium": 2,
        "number_of_steps": 5000,
        "time": 166.03318285942078
    },
    "MDQuantities": {
        "key": 0,
        "temperature": 311.3129010504991,
        "energy_pot": -349.91432406534216,
        "energy_kinetic": 1.9717742883433311,
        "msd": 0.0,
        "internal_pressure": 0.0064243127060959375
    }
}