{
    "MDScreenResult": {
        "key": 0,
        "energy": -350.8892381048246
    },
    "MDAbadParameters": {
        "key": 0,
        "depth": -0.29945383238631595,
        "expansion_factor": 1.4805926669139646,
        "defect_index": 0,
        "lattice_constant": 12.73626586,
        "convergence_criterium": 2,
        "number_of_steps": 5000,
        "time": 143.7913179397583
    },
    "MDQuantities": {
        "key": 0,
        "temperature": 258.53939944588325,
        "energy_pot": -350.8892381048246,
        "energy_kinetic": 1.6375207665050326,
        "msd": 0.0,
        "internal_pressure": 0.002684544582036545
    }
}