{
    "MDScreenResult": {
        "key": 0,
        "energy": -349.88946277878546
    },
    "MDAbadParameters": {
        "key": 0,
        "depth": 0.08888192365518886,
        "expansion_factor": 1.0836118444245308,
        "defect_index": 0,
        "lattice_constant": 12.73626586,
        "convergence_criterium": 2,
        "number_of_steps": 5000,
        "time": 154.15514755249023
    },
    "MDQuantities": {
        "key": 0,
        "temperature": 328.8015884280438,
        "energy_pot": -349.88946277878546,
        "energy_kinetic": 2.0825430486213494,
        "msd": 0.0,
        "internal_pressure": 0.009899677079590897
    }
}