{
    "MDScreenResult": {
        "key": 0,
        "energy": -350.47840485815516
    },
    "MDAbadParameters": {
        "key": 0,
        "depth": -0.31005384929872215,
        "expansion_factor": 1.4262985754358972,
        "defect_index": 0,
        "lattice_constant": 12.73626586,
        "convergence_criterium": 2,
        "number_of_steps": 10000,
        "time": 319.1193435192108
    },
    "MDQuantities": {
        "key": 0,
        "temperature": 297.43594075723325,
        "energy_pot": -350.47840485815516,
        "energy_kinetic": 1.8838812604145452,
        "msd": 0.0,
        "internal_pressure": 0.0033730297134464573
    }
}