{
    "MDScreenResult": {
        "key": 0,
        "energy": -350.45739646948863
    },
    "MDAbadParameters": {
        "key": 0,
        "depth": -0.31415428632823245,
        "expansion_factor": 1.495139192248293,
        "defect_index": 0,
        "lattice_constant": 12.73626586,
        "convergence_criterium": 2,
        "number_of_steps": 5000,
        "time": 167.26502680778503
    },
    "MDQuantities": {
        "key": 0,
        "temperature": 231.55625685299955,
        "energy_pot": -350.45739646948863,
        "energy_kinetic": 1.4666166163595833,
        "msd": 0.0,
        "internal_pressure": 0.007130267030884906
    }
}