{
    "MDScreenResult": {
        "key": 0,
        "energy": -350.57478278529004
    },
    "MDAbadParameters": {
        "key": 0,
        "depth": 0.29093875459680735,
        "expansion_factor": 1.4932125117106,
        "defect_index": 0,
        "lattice_constant": 12.73626586,
        "convergence_criterium": 2,
        "number_of_steps": 25000,
        "time": 711.7806925773621
    },
    "MDQuantities": {
        "key": 0,
        "temperature": 301.60289058174175,
        "energy_pot": -350.57478278529004,
        "energy_kinetic": 1.9102736280197983,
        "msd": 0.0,
        "internal_pressure": 0.004888865402131049
    }
}