{
    "MDScreenResult": {
        "key": 0,
        "energy": -351.1408780305172
    },
    "MDAbadParameters": {
        "key": 0,
        "depth": -0.27202230444668574,
        "expansion_factor": 1.462565354671258,
        "defect_index": 0,
        "lattice_constant": 12.73626586,
        "convergence_criterium": 2,
        "number_of_steps": 25000,
        "time": 664.7594764232635
    },
    "MDQuantities": {
        "key": 0,
        "temperature": 346.1830719221367,
        "energy_pot": -351.1408780305172,
        "energy_kinetic": 2.1926328076106727,
        "msd": 0.0,
        "internal_pressure": 0.004183594713168442
    }
}