{
    "MDScreenResult": {
        "key": 0,
        "energy": -351.3164831161903
    },
    "MDAbadParameters": {
        "key": 0,
        "depth": -0.29918188381623784,
        "expansion_factor": 1.4494400191051717,
        "defect_index": 0,
        "lattice_constant": 12.73626586,
        "convergence_criterium": 2,
        "number_of_steps": 25000,
        "time": 701.0028958320618
    },
    "MDQuantities": {
        "key": 0,
        "temperature": 316.75742267026556,
        "energy_pot": -351.3164831161903,
        "energy_kinetic": 2.0062584607176825,
        "msd": 0.0,
        "internal_pressure": 0.005990809588366089
    }
}