{
    "MDScreenResult": {
        "key": 0,
        "energy": -350.9094841602695
    },
    "MDAbadParameters": {
        "key": 0,
        "depth": 0.3019786354520781,
        "expansion_factor": 1.4632215656571526,
        "defect_index": 0,
        "lattice_constant": 12.73626586,
        "convergence_criterium": 2,
        "number_of_steps": 5000,
        "time": 159.84058499336243
    },
    "MDQuantities": {
        "key": 0,
        "temperature": 310.63055505589045,
        "energy_pot": -350.9094841602695,
        "energy_kinetic": 1.9674524877260635,
        "msd": 0.0,
        "internal_pressure": 0.004383105453392392
    }
}