{
    "MDScreenResult": {
        "key": 0,
        "energy": -351.1719524550145
    },
    "MDAbadParameters": {
        "key": 0,
        "depth": 0.31108640538689397,
        "expansion_factor": 1.5030854985269886,
        "defect_index": 0,
        "lattice_constant": 12.73626586,
        "convergence_criterium": 2,
        "number_of_steps": 5000,
        "time": 173.90910172462463
    },
    "MDQuantities": {
        "key": 0,
        "temperature": 260.2217881518372,
        "energy_pot": -351.1719524550145,
        "energy_kinetic": 1.648176575442617,
        "msd": 0.0,
        "internal_pressure": 0.0019807201666269692
    }
}