{
    "MDScreenResult": {
        "key": 0,
        "energy": -350.9923404925711
    },
    "MDAbadParameters": {
        "key": 0,
        "depth": -0.323430089835487,
        "expansion_factor": 1.4894172567296065,
        "defect_index": 0,
        "lattice_constant": 12.73626586,
        "convergence_criterium": 2,
        "number_of_steps": 25000,
        "time": 721.868590593338
    },
    "MDQuantities": {
        "key": 0,
        "temperature": 195.2833785596943,
        "energy_pot": -350.9923404925711,
        "energy_kinetic": 1.2368737160762944,
        "msd": 0.0,
        "internal_pressure": 0.005027028980924854
    }
}