{
    "MDScreenResult": {
        "key": 0,
        "energy": -350.49845218429806
    },
    "MDAbadParameters": {
        "key": 0,
        "depth": -0.62000742930087,
        "expansion_factor": 1.251883951625975,
        "defect_index": 0,
        "lattice_constant": 12.73626586,
        "convergence_criterium": 2,
        "number_of_steps": 10000,
        "time": 286.52082538604736
    },
    "MDQuantities": {
        "key": 0,
        "temperature": 264.0562899230079,
        "energy_pot": -350.49845218429806,
        "energy_kinetic": 1.6724633042466213,
        "msd": 0.0,
        "internal_pressure": 0.004867960372874319
    }
}