{
    "MDScreenResult": {
        "key": 0,
        "energy": -349.85124760397747
    },
    "MDAbadParameters": {
        "key": 0,
        "depth": -0.03989524671164485,
        "expansion_factor": 1.1187226619030988,
        "defect_index": 0,
        "lattice_constant": 12.73626586,
        "convergence_criterium": 2,
        "number_of_steps": 5000,
        "time": 202.64770197868347
    },
    "MDQuantities": {
        "key": 0,
        "temperature": 258.3086386759667,
        "energy_pot": -349.85124760397747,
        "energy_kinetic": 1.63605918829435,
        "msd": 0.0,
        "internal_pressure": 0.009121340545865834
    }
}